<?xml version="1.0" encoding="UTF-8"?>
<project-private xmlns="http://www.netbeans.org/ns/project-private/1">
    <editor-bookmarks xmlns="http://www.netbeans.org/ns/editor-bookmarks/2" lastBookmarkId="0"/>
    <open-files xmlns="http://www.netbeans.org/ns/projectui-open-files/2">
        <group>
            <file>file:/C:/Users/chiar/Documents/GitHub/ProjectWork-Gruppo-12/AutomationApp/src/it/unisa/diem/se/automationapp/observer/ErrorEvent.java</file>
            <file>file:/C:/Users/chiar/Documents/GitHub/ProjectWork-Gruppo-12/AutomationApp/src/it/unisa/diem/se/automationapp/rulesmanagement/RuleService.java</file>
            <file>file:/C:/Users/chiar/Documents/GitHub/ProjectWork-Gruppo-12/AutomationApp/src/it/unisa/diem/se/automationapp/rulesmanagement/Rule.java</file>
            <file>file:/C:/Users/chiar/Documents/GitHub/ProjectWork-Gruppo-12/AutomationApp/test/it/unisa/diem/se/automationapptest/action/AudioActionTest.java</file>
            <file>file:/C:/Users/chiar/Documents/GitHub/ProjectWork-Gruppo-12/AutomationApp/src/it/unisa/diem/se/automationapp/action/AudioAction.java</file>
            <file>file:/C:/Users/chiar/Documents/GitHub/ProjectWork-Gruppo-12/AutomationApp/src/it/unisa/diem/se/automationapp/rulesmanagement/RuleEngine.java</file>
        </group>
    </open-files>
</project-private>
